Workbook
Name E：GM: Returns!$K$1

Sheet COVER
B8: Portfolio Risk & Return Analysis
B10: September 2026
B25: Name
B26: Note: This model is created strictly for educational and portfolio demonstration purposes. It does not constitute investment advice or an offer to buy/sell any financial instruments.
B27: *The data on this page, as well as the "Prices" and "Returns" sheets, is derived from historical backtesting as the portfolio has less than one year live porformance history. Past performance, whether actual or backtested, is no guarantee of future results.

Sheet Dashboard
C2: Overview | O2: Industry Breakdown
C4: Total Active Amount | F4: =SUM(Holdings[Approx. Total Amount Held]) -> 128487.07 | H4: Annualized Return | K4: =AVERAGE(_xlfn.ANCHORARRAY(Returns!B2)) * 252 -> 0.20808476 | O4: {=_xlfn.UNIQUE(Holdings[Industry])} -> Software & IT Services | R4: {=SUMIF(Holdings[Industry],_xlfn.ANCHORARRAY( O4), Holdings[Weight])} -> 0.21689575
C5: Number of Positions | F5: =COUNTA(Holdings[Ticker]) -> 17 | H5: Annualized Volatility | K5: =_xlfn.STDEV.S(_xlfn.ANCHORARRAY(Returns!B2))*SQRT(252) -> 0.14446556 | O5: Machinery, Equipment & Components | R5: 0.054924204
C6: Beta | F6: =SUMPRODUCT(Holdings[Weight],Holdings[Beta]) -> 1.1345338 | H6: Alpha | K6: {=_xlfn.LET(_xlpm.rp,_xlfn.ANCHORARRAY(Returns!B2),_xlpm.rm,_xlfn.ANCHORARRAY(Returns!F2),_xlpm.rf_daily, F16/ 252,_xlpm.y, _xlpm.rp - _xlpm.rf_daily,_xlpm.x, _xlpm.rm - _xlpm.rf_daily,_xlpm.alpha_daily, INTERCEPT(_xlpm.y, _xlpm.x),_xlpm.alpha_daily * 252)} -> 0.088441314 | O6: Banking Services | R6: 0.10034084
O7: Beverages | R7: 0.050189875
O8: Semiconductors & Semiconductor Equipment | R8: 0.12152974
C9: Risk Analysis | O9: Food & Drug Retailing | R9: 0.036928229
O10: Computers, Phones & Household Electronics | R10: 0.13424308
C11: Risk Adjusted Return | H11: Tail Risk Analysis | O11: Investment Banking & Investment Services | R11: 0.032127746
C12: Sharpe Ratio | F12: =(K4-F16)/K5 -> 1.1538027 | H12: Maximum Drawdown | K12: =MIN(Returns!E:E) -> -0.086860578 | O12: Diversified Retail | R12: 0.10479669
C13: Sortino Ratio | F13: {=(AVERAGE(Returns!B2:B250)*252 - F16) /(SQRT(SUMSQ(IF(Returns!B2:B250 < F16/252, Returns!B2:B250-F16/252, 0)) / (COUNT(Returns!B2:B250) - 1)) * SQRT(249))} -> 1.7515907 | H13: Recovery Time | K13: {=IFERROR(INDEX(Returns!A:A,_xlfn.XMATCH(MIN(Returns!E:E),Returns!E:E)+_xlfn.XMATCH(0,INDEX(Returns!E:E,_xlfn.XMATCH(MIN(Returns!E:E),Returns!E:E)):INDEX(Returns!E:E,300),1)-1)-INDEX(Returns!A:A,_xlfn.XMATCH(MIN(Returns!E:E),Returns!E:E)),"Recovering")} -> 39 | O13: Oil & Gas | R13: 0.1254815
O14: Telecommunications Services | R14: 0.022542346
B16: Risk-free Return* | F16: 0.0414 | O16: Top 1 Industry Concentration | R16: =MAX(_xlfn.ANCHORARRAY(R4)) -> 0.21689575
O17: Top 3 Industry Concentration | R17: =SUM(_xlfn.CHOOSEROWS(_xlfn._xlws.SORT(_xlfn.ANCHORARRAY(R4), 1, -1), 1, 2, 3)) -> 0.47662033
B18: *The risk-free rate is benchmarked against the 3-Month U.S. Treasury Bill rate. | O18: HHI Index | R18: =SUMSQ(Holdings[Weight]) -> 0.076433375
B19: *Simulated performance has inherent limitations, as it is prepared with the benefit of hindsight.

Sheet Holdings
A1: Company Name | B1: Ticker | C1: Industry | D1: Current Price | E1: Position Size | F1: Approx. Total Amount Held | G1: Weight | H1: Beta | I1: Size
A2: #VALUE! | B2: {=_FV(A2,"Ticker symbol",TRUE)} -> GOOG | C2: {=_FV(A2,"Industry")} -> Software & IT Services | D2: {=_FV(A2,"price")} -> 320.59 | E2: 30 | F2: =E2*D2 -> 9617.7 | G2: =F2/SUM(F:F) -> 0.074853446 | H2: {=_FV(A2,"Beta")} -> 1.203 | I2: {=LN(_FV(Holdings[[#This Row],[Company Name]],"Market cap",TRUE))} -> 28.997321
A3: #VALUE! | B3: {=_FV(A3,"Ticker symbol",TRUE)} -> CRWV | C3: {=_FV(A3,"Industry")} -> Software & IT Services | D3: {=_FV(A3,"price")} -> 60.595 | E3: 40 | F3: =E3*D3 -> 2423.8 | G3: =F3/SUM(F:F) -> 0.018864155 | H3: {=_FV(A3,"Beta")} -> 2.989 | I3: {=LN(_FV(Holdings[[#This Row],[Company Name]],"Market cap",TRUE))} -> 24.232431
A4: #VALUE! | B4: {=_FV(A4,"Ticker symbol",TRUE)} -> VRT | C4: {=_FV(A4,"Industry")} -> Machinery, Equipment & Components | D4: {=_FV(A4,"price")} -> 235.235 | E4: 30 | F4: =E4*D4 -> 7057.05 | G4: =F4/SUM(F:F) -> 0.054924204 | H4: {=_FV(A4,"Beta")} -> 2.1039 | I4: {=LN(_FV(Holdings[[#This Row],[Company Name]],"Market cap",TRUE))} -> 25.229308
A5: #VALUE! | B5: {=_FV(A5,"Ticker symbol",TRUE)} -> HSBC | C5: {=_FV(A5,"Industry")} -> Banking Services | D5: {=_FV(A5,"price")} -> 85.95 | E5: 150 | F5: =E5*D5 -> 12892.5 | G5: =F5/SUM(F:F) -> 0.10034084 | H5: {=_FV(A5,"Beta")} -> 0.5363 | I5: {=LN(_FV(Holdings[[#This Row],[Company Name]],"Market cap",TRUE))} -> 26.408718
A6: #VALUE! | B6: {=_FV(A6,"Ticker symbol",TRUE)} -> KO | C6: {=_FV(A6,"Industry")} -> Beverages | D6: {=_FV(A6,"price")} -> 92.125 | E6: 70 | F6: =E6*D6 -> 6448.75 | G6: =F6/SUM(F:F) -> 0.050189875 | H6: {=_FV(A6,"Beta")} -> 0.2949 | I6: {=LN(_FV(Holdings[[#This Row],[Company Name]],"Market cap",TRUE))} -> 26.70562
A7: #VALUE! | B7: {=_FV(A7,"Ticker symbol",TRUE)} -> NVDA | C7: {=_FV(A7,"Industry")} -> Semiconductors & Semiconductor Equipment | D7: {=_FV(A7,"price")} -> 217.3 | E7: 40 | F7: =E7*D7 -> 8692 | G7: =F7/SUM(F:F) -> 0.06764883 | H7: {=_FV(A7,"Beta")} -> 2.1891 | I7: {=LN(_FV(Holdings[[#This Row],[Company Name]],"Market cap",TRUE))} -> 29.286757
A8: #VALUE! | B8: {=_FV(A8,"Ticker symbol",TRUE)} -> WMT | C8: {=_FV(A8,"Industry")} -> Food & Drug Retailing | D8: {=_FV(A8,"price")} -> 118.62 | E8: 40 | F8: =E8*D8 -> 4744.8 | G8: =F8/SUM(F:F) -> 0.036928229 | H8: {=_FV(A8,"Beta")} -> 0.5657 | I8: {=LN(_FV(Holdings[[#This Row],[Company Name]],"Market cap",TRUE))} -> 27.570316
A9: #VALUE! | B9: {=_FV(A9,"Ticker symbol",TRUE)} -> MSFT | C9: {=_FV(A9,"Industry")} -> Software & IT Services | D9: {=_FV(A9,"price")} -> 527.56 | E9: 30 | F9: =E9*D9 -> 15826.8 | G9: =F9/SUM(F:F) -> 0.12317815 | H9: {=_FV(A9,"Beta")} -> 1.0486 | I9: {=LN(_FV(Holdings[[#This Row],[Company Name]],"Market cap",TRUE))} -> 28.996573
A10: #VALUE! | B10: {=_FV(A10,"Ticker symbol",TRUE)} -> AAPL | C10: {=_FV(A10,"Industry")} -> Computers, Phones & Household Electronics | D10: {=_FV(A10,"price")} -> 344.97 | E10: 50 | F10: =E10*D10 -> 17248.5 | G10: =F10/SUM(F:F) -> 0.13424308 | H10: {=_FV(A10,"Beta")} -> 1.0795 | I10: {=LN(_FV(Holdings[[#This Row],[Company Name]],"Market cap",TRUE))} -> 29.247346
A11: #VALUE! | B11: {=_FV(A11,"Ticker symbol",TRUE)} -> AVGO | C11: {=_FV(A11,"Industry")} -> Semiconductors & Semiconductor Equipment | D11: {=_FV(A11,"price")} -> 346.15 | E11: 20 | F11: =E11*D11 -> 6923 | G11: =F11/SUM(F:F) -> 0.053880908 | H11: {=_FV(A11,"Beta")} -> 1.4911 | I11: {=LN(_FV(Holdings[[#This Row],[Company Name]],"Market cap",TRUE))} -> 28.133245
A12: #VALUE! | B12: {=_FV(A12,"Ticker symbol",TRUE)} -> IBKR | C12: {=_FV(A12,"Industry")} -> Investment Banking & Investment Services | D12: {=_FV(A12,"price")} -> 82.56 | E12: 50 | F12: =E12*D12 -> 4128 | G12: =F12/SUM(F:F) -> 0.032127746 | H12: {=_FV(A12,"Beta")} -> 1.3588 | I12: {=LN(_FV(Holdings[[#This Row],[Company Name]],"Market cap",TRUE))} -> 25.669661
A13: #VALUE! | B13: {=_FV(A13,"Ticker symbol",TRUE)} -> COST | C13: {=_FV(A13,"Industry")} -> Diversified Retail | D13: {=_FV(A13,"price")} -> 982.52 | E13: 6 | F13: =E13*D13 -> 5895.12 | G13: =F13/SUM(F:F) -> 0.045881037 | H13: {=_FV(A13,"Beta")} -> 0.8629 | I13: {=LN(_FV(Holdings[[#This Row],[Company Name]],"Market cap",TRUE))} -> 26.799493
... A18: #VALUE! | B18: {=_FV(A18,"Ticker symbol",TRUE)} -> SPCX | C18: {=_FV(A18,"Industry")} -> Telecommunications Services | D18: {=_FV(A18,"price")} -> 144.82 | E18: 20 | F18: =E18*D18 -> 2896.4 | G18: =F18/SUM(F:F) -> 0.022542346 | H18: {=_FV(A18,"Beta")} -> 3.179 | I18: {=LN(_FV(Holdings[[#This Row],[Company Name]],"Market cap",TRUE))} -> 28.307434

Sheet Holdings - ordered by weight
A1: Company Name | B1: Ticker | C1: Industry | D1: Current Price | E1: Position Size | F1: Approx. Total Amount Held | G1: Weight | H1: Beta | I1: Size
A2: {=_xlfn.SORTBY(Holdings[], Holdings[Weight], -1)} -> #VALUE! | B2: AAPL | C2: Computers, Phones & Household Electronics | D2: 344.97 | E2: 50 | F2: 17248.5 | G2: 0.13424308 | H2: 1.0795 | I2: 29.247346
A3: #VALUE! | B3: MSFT | C3: Software & IT Services | D3: 527.56 | E3: 30 | F3: 15826.8 | G3: 0.12317815 | H3: 1.0486 | I3: 28.996573
A4: #VALUE! | B4: HSBC | C4: Banking Services | D4: 85.95 | E4: 150 | F4: 12892.5 | G4: 0.10034084 | H4: 0.5363 | I4: 26.408718
A5: #VALUE! | B5: GOOG | C5: Software & IT Services | D5: 320.59 | E5: 30 | F5: 9617.7 | G5: 0.074853446 | H5: 1.203 | I5: 28.997321
A6: #VALUE! | B6: NVDA | C6: Semiconductors & Semiconductor Equipment | D6: 217.3 | E6: 40 | F6: 8692 | G6: 0.06764883 | H6: 2.1891 | I6: 29.286757
A7: #VALUE! | B7: AMZN | C7: Diversified Retail | D7: 252.33 | E7: 30 | F7: 7569.9 | G7: 0.058915656 | H7: 1.4918 | I7: 28.632281
A8: #VALUE! | B8: VRT | C8: Machinery, Equipment & Components | D8: 235.235 | E8: 30 | F8: 7057.05 | G8: 0.054924204 | H8: 2.1039 | I8: 25.229308
A9: #VALUE! | B9: CVX | C9: Oil & Gas | D9: 231.465 | E9: 30 | F9: 6943.95 | G9: 0.054043959 | H9: 0.4799 | I9: 26.848653
A10: #VALUE! | B10: AVGO | C10: Semiconductors & Semiconductor Equipment | D10: 346.15 | E10: 20 | F10: 6923 | G10: 0.053880908 | H10: 1.4911 | I10: 28.133245
A11: #VALUE! | B11: KO | C11: Beverages | D11: 92.125 | E11: 70 | F11: 6448.75 | G11: 0.050189875 | H11: 0.2949 | I11: 26.70562
A12: #VALUE! | B12: COP | C12: Oil & Gas | D12: 150.24 | E12: 40 | F12: 6009.6 | G12: 0.046772021 | H12: 0.2082 | I12: 25.918936
A13: #VALUE! | B13: COST | C13: Diversified Retail | D13: 982.52 | E13: 6 | F13: 5895.12 | G13: 0.045881037 | H13: 0.8629 | I13: 26.799493
A14: #VALUE! | B14: WMT | C14: Food & Drug Retailing | D14: 118.62 | E14: 40 | F14: 4744.8 | G14: 0.036928229 | H14: 0.5657 | I14: 27.570316
... A18: #VALUE! | B18: CRWV | C18: Software & IT Services | D18: 60.595 | E18: 40 | F18: 2423.8 | G18: 0.018864155 | H18: 2.989 | I18: 24.232431

Sheet Prices
A1: DATE | B1: {=_xlfn.TOROW(_xlfn.DROP(Holdings!B:B,1),1)} -> GOOG | C1: CRWV | D1: VRT | E1: HSBC | F1: KO | G1: NVDA | H1: WMT | I1: MSFT | J1: AAPL | K1: AVGO | L1: IBKR | M1: COST | N1: AMZN | O1: COP | P1: CVX | Q1: SHEL | R1: SPCX
A2: {=_xlfn.CHOOSECOLS(_xlfn.STOCKHISTORY("SPY", TODAY()-365, TODAY(), 0, 0, 0, 1), 1)} -> 45958 | B2: {=IF(B$1="", "", _xlfn.LET(_xlpm.history, _xlfn.STOCKHISTORY(B$1, TODAY()-365, TODAY(), 0, 0, 0, 1),_xlfn.IFNA(_xlfn.XLOOKUP(_xlfn.ANCHORARRAY($A2), _xlfn.CHOOSECOLS(_xlpm.history, 1), _xlfn.CHOOSECOLS(_xlpm.history, 2), NA()), NA())))} -> 268.43 | C2: {=IF(C$1="", "", _xlfn.LET(_xlpm.history, _xlfn.STOCKHISTORY(C$1, TODAY()-365, TODAY(), 0, 0, 0, 1),_xlfn.IFNA(_xlfn.XLOOKUP(_xlfn.ANCHORARRAY($A2), _xlfn.CHOOSECOLS(_xlpm.history, 1), _xlfn.CHOOSECOLS(_xlpm.history, 2), NA()), NA())))} -> 134.8 | D2: {=IF(D$1="", "", _xlfn.LET(_xlpm.history, _xlfn.STOCKHISTORY(D$1, TODAY()-365, TODAY(), 0, 0, 0, 1),_xlfn.IFNA(_xlfn.XLOOKUP(_xlfn.ANCHORARRAY($A2), _xlfn.CHOOSECOLS(_xlpm.history, 1), _xlfn.CHOOSECOLS(_xlpm.history, 2), NA()), NA())))} -> 190.57 | E2: {=IF(E$1="", "", _xlfn.LET(_xlpm.history, _xlfn.STOCKHISTORY(E$1, TODAY()-365, TODAY(), 0, 0, 0, 1),_xlfn.IFNA(_xlfn.XLOOKUP(_xlfn.ANCHORARRAY($A2), _xlfn.CHOOSECOLS(_xlpm.history, 1), _xlfn.CHOOSECOLS(_xlpm.history, 2), NA()), NA())))} -> 70.04 | F2: {=IF(F$1="", "", _xlfn.LET(_xlpm.history, _xlfn.STOCKHISTORY(F$1, TODAY()-365, TODAY(), 0, 0, 0, 1),_xlfn.IFNA(_xlfn.XLOOKUP(_xlfn.ANCHORARRAY($A2), _xlfn.CHOOSECOLS(_xlpm.history, 1), _xlfn.CHOOSECOLS(_xlpm.history, 2), NA()), NA())))} -> 70.16 | G2: {=IF(G$1="", "", _xlfn.LET(_xlpm.history, _xlfn.STOCKHISTORY(G$1, TODAY()-365, TODAY(), 0, 0, 0, 1),_xlfn.IFNA(_xlfn.XLOOKUP(_xlfn.ANCHORARRAY($A2), _xlfn.CHOOSECOLS(_xlpm.history, 1), _xlfn.CHOOSECOLS(_xlpm.history, 2), NA()), NA())))} -> 8.24 | H2: {=IF(H$1="", "", _xlfn.LET(_xlpm.history, _xlfn.STOCKHISTORY(H$1, TODAY()-365, TODAY(), 0, 0, 0, 1),_xlfn.IFNA(_xlfn.XLOOKUP(_xlfn.ANCHORARRAY($A2), _xlfn.CHOOSECOLS(_xlpm.history, 1), _xlfn.CHOOSECOLS(_xlpm.history, 2), NA()), NA())))} -> 103.17 | I2: {=IF(I$1="", "", _xlfn.LET(_xlpm.history, _xlfn.STOCKHISTORY(I$1, TODAY()-365, TODAY(), 0, 0, 0, 1),_xlfn.IFNA(_xlfn.XLOOKUP(_xlfn.ANCHORARRAY($A2), _xlfn.CHOOSECOLS(_xlpm.history, 1), _xlfn.CHOOSECOLS(_xlpm.history, 2), NA()), NA())))} -> 542.07 | ... IP2: {=IF(IP$1="", "", _xlfn.LET(_xlpm.history, _xlfn.STOCKHISTORY(IP$1, TODAY()-365, TODAY(), 0, 0, 0, 1),_xlfn.IFNA(_xlfn.XLOOKUP(_xlfn.ANCHORARRAY($A2), _xlfn.CHOOSECOLS(_xlpm.history, 1), _xlfn.CHOOSECOLS(_xlpm.history, 2), NA()), NA())))}
A3: 45959 | B3: 275.17 | C3: 139.93 | D3: 199.27 | E3: 70.49 | F3: 68.35 | G3: 8.6 | H3: 102.46 | I3: 541.55 | J3: 269.7 | K3: 385.98 | L3: 69.19 | M3: 912.42 | N3: 230.3 | O3: 88.08 | P3: 155.1 | Q3: 75.55 | R3: #N/A
A4: 45960 | B4: 281.9 | C4: 131.06 | D4: 193.76 | E4: 70.37 | F4: 68.98 | G4: 8.21 | H4: 102.23 | I4: 525.76 | J4: 271.4 | K4: 376.47 | L4: 68.51 | M4: 920.18 | N4: 222.86 | O4: 88.14 | P4: 153.52 | Q4: 74.73 | R4: #N/A
A5: 45961 | B5: 281.82 | C5: 133.71 | D5: 192.86 | E5: 70.07 | F5: 68.9 | G5: 8.6 | H5: 101.18 | I5: 517.81 | J5: 270.37 | K5: 369.63 | L5: 70.36 | M5: 911.45 | N5: 244.22 | O5: 88.86 | P5: 157.72 | Q5: 74.92 | R5: #N/A
A6: 45964 | B6: 284.12 | C6: 126.32 | D6: 191.4 | E6: 70.46 | F6: 67.97 | G6: 8.91 | H6: 101.59 | I6: 517.03 | J6: 269.05 | K6: 362.55 | L6: 73.08 | M6: 928.04 | N6: 254 | O6: 88.57 | P6: 154.04 | Q6: 74.39 | R6: #N/A
A7: 45965 | B7: 278.06 | C7: 115.75 | D7: 180.82 | E7: 69.85 | F7: 68.66 | G7: 8.52 | H7: 102.27 | I7: 514.33 | J7: 270.04 | K7: 351.94 | L7: 70.69 | M7: 940.74 | N7: 249.32 | O7: 87.91 | P7: 153.39 | Q7: 73.74 | R7: #N/A
A8: 45966 | B8: 284.75 | C8: 114.42 | D8: 190.71 | E8: 70.92 | F8: 68.51 | G8: 8.53 | H8: 101.47 | I8: 507.16 | J8: 270.14 | K8: 358.98 | L8: 71.62 | M8: 935.03 | N8: 250.2 | O8: 87.7 | P8: 152.66 | Q8: 74.61 | R8: #N/A
A9: 45967 | B9: 285.34 | C9: 106.93 | D9: 183.02 | E9: 72.01 | F9: 69.06 | G9: 8 | H9: 101.68 | I9: 497.1 | J9: 269.77 | K9: 355.59 | L9: 69.86 | M9: 923.58 | N9: 243.04 | O9: 85.66 | P9: 152.94 | Q9: 74.22 | R9: #N/A
A10: 45968 | B10: 279.7 | C10: 104.01 | D10: 179.8 | E10: 71.27 | F10: 70.55 | G10: 7.8 | H10: 102.59 | I10: 496.82 | J10: 268.47 | K10: 349.43 | L10: 70.54 | M10: 922.74 | N10: 244.41 | O10: 86.83 | P10: 155.02 | Q10: 75.59 | R10: #N/A
A11: 45971 | B11: 290.59 | C11: 105.61 | D11: 187.84 | E11: 72.04 | F11: 70.52 | G11: 8.25 | H11: 102.42 | I11: 506 | J11: 269.43 | K11: 358.39 | L11: 71.13 | M11: 915.56 | N11: 248.4 | O11: 88.23 | P11: 155.65 | Q11: 76.56 | R11: #N/A
A12: 45972 | B12: 291.74 | C12: 88.39 | D12: 179.05 | E12: 72.53 | F12: 71.61 | G12: 8.2 | H12: 103.44 | I12: 508.68 | J12: 275.25 | K12: 351.96 | L12: 70.87 | M12: 913.86 | N12: 249.1 | O12: 90.69 | P12: 156.24 | Q12: 77.01 | R12: #N/A
A13: 45973 | B13: 287.43 | C13: 85.43 | D13: 173.37 | E13: 73.49 | F13: 71.51 | G13: 8.24 | H13: 103.44 | I13: 511.14 | J13: 273.47 | K13: 355.22 | L13: 72.7 | M13: 914 | N13: 244.2 | O13: 89.07 | P13: 153.32 | Q13: 76.41 | R13: #N/A
A14: 45974 | B14: 279.12 | C14: 78.34 | D14: 163.64 | E14: 73.16 | F14: 71.07 | G14: 8.17 | H14: 102.54 | I14: 503.29 | J14: 272.95 | K14: 339.98 | L14: 67.04 | M14: 925.08 | N14: 237.58 | O14: 89.42 | P14: 155.58 | Q14: 75.92 | R14: #N/A
... A20: 45982 | B20: 299.65 | C20: 71.65 | D20: 159.83 | E20: 68.96 | F20: 72.95 | G20: 7.58 | H20: 105.32 | I20: 472.12 | J20: 271.49 | K20: 340.2 | L20: 61.05 | M20: 899.01 | N20: 220.69 | O20: 87.37 | P20: 149.98 | Q20: 73.27 | R20: #N/A
A21: 45985 | B21: 318.47 | C21: 73.6 | D21: 168.91 | E21: 68.95 | F21: 72.59 | G21: #N/A | H21: 104.06 | I21: 474 | J21: 275.92 | K21: 377.96 | L21: 62.43 | M21: 886.12 | N21: 226.28 | O21: 87.56 | P21: 149.75 | Q21: 73.23 | R21: #N/A
A22: 45986 | B22: 323.64 | C22: 71.29 | D22: 169.57 | E22: 69.51 | F22: 72.61 | G22: 7.34 | H22: 107 | I22: 476.99 | J22: 276.97 | K22: 385.03 | L22: 63.17 | M22: 894.33 | N22: 229.67 | O22: 86.62 | P22: 148.53 | Q22: 72.8 | R22: #N/A
A23: 45987 | B23: 320.28 | C23: 74.29 | D23: 172.02 | E23: 70.58 | F23: 72.88 | G23: 7.57 | H23: 109.1 | I23: 485.5 | J23: 277.55 | K23: 397.57 | L23: 64.19 | M23: 908.26 | N23: 229.16 | O23: 87.09 | P23: 149.51 | Q23: 73.41 | R23: #N/A
A24: 45989 | B24: 320.12 | C24: 73.12 | D24: 179.73 | E24: 71.16 | F24: 73.12 | G24: 7.5 | H24: 110.51 | I24: 492.01 | J24: 278.85 | K24: 402.96 | L24: 65.02 | M24: 913.59 | N24: 233.22 | O24: 88.69 | P24: 151.13 | Q24: 73.77 | R24: #N/A
A25: 45992 | B25: 315.12 | C25: 77.06 | D25: 179.22 | E25: 71.36 | F25: 71.95 | G25: 7.52 | H25: 111.53 | I25: 486.74 | J25: 283.1 | K25: 386.08 | L25: 63.54 | M25: 911.96 | N25: 233.88 | O25: 90.26 | P25: 152.54 | Q25: 74.31 | R25: #N/A
A26: 45993 | B26: 316.02 | C26: 76.03 | D26: 180.91 | E26: 72 | F26: 70.67 | G26: 7.62 | H26: 112.41 | I26: 490 | J26: 286.19 | K26: 381.57 | L26: 63.59 | M26: 922.03 | N26: 234.42 | O26: 89.29 | P26: 150.25 | Q26: 73.96 | R26: #N/A
A27: 45994 | B27: 320.62 | C27: 79.36 | D27: 178.88 | E27: 72.01 | F27: 70.81 | G27: 7.58 | H27: 114.41 | I27: 477.73 | J27: 284.15 | K27: 380.61 | L27: 64.96 | M27: 922.26 | N27: 232.38 | O27: 91.81 | P27: 151.59 | Q27: 75.12 | R27: #N/A
A28: 45995 | B28: 318.39 | C28: 85.75 | D28: 182.54 | E28: 71.71 | F28: 70.45 | G28: 7.64 | H28: 114.84 | I28: 480.84 | J28: 280.7 | K28: 381.03 | L28: 65.95 | M28: 895.855 | N28: 229.11 | O28: 93.12 | P28: 152.26 | Q28: 74.5 | R28: #N/A
A29: 45996 | B29: 322.09 | C29: 88.3 | D29: 189.02 | E29: 71 | F29: 70 | G29: 7.65 | H29: 115.11 | I29: 483.16 | J29: 278.78 | K29: 390.24 | L29: 64.5 | M29: 894.68 | N29: 229.53 | O29: 93.69 | P29: 150 | Q29: 73.01 | R29: #N/A
A30: 45999 | B30: 314.45 | C30: 86.24 | D30: 185.61 | E30: 71.02 | F30: 70.25 | G30: #N/A | H30: 113.56 | I30: 491.02 | J30: 277.89 | K30: 401.1 | L30: 65.81 | M30: 887.52 | N30: 226.89 | O30: 92.88 | P30: 148.71 | Q30: 72.7 | R30: #N/A
A31: 46000 | B31: 317.75 | C31: 90.66 | D31: 178.38 | E31: 70.79 | F31: 70.09 | G31: 7.75 | H31: 115.06 | I31: 492.02 | J31: 277.18 | K31: 406.29 | L31: 65.56 | M31: 888.44 | N31: 227.92 | O31: 93.43 | P31: 148.49 | Q31: 72.55 | R31: #N/A
A32: 46001 | B32: 321 | C32: 88.16 | D32: 181.82 | E32: 74.08 | F32: 70.21 | G32: 7.7 | H32: 113.18 | I32: 478.56 | J32: 278.78 | K32: 412.97 | L32: 66.67 | M32: 874.41 | N32: 231.78 | O32: 96.8 | P32: 151.41 | Q32: 72.88 | R32: #N/A
A33: 46002 | B33: 313.7 | C33: 87.38 | D33: 178.66 | E33: 75.24 | F33: 69.11 | G33: 7.81 | H33: 115.52 | I33: 483.47 | J33: 278.03 | K33: 406.37 | L33: 66.06 | M33: 884.48 | N33: 230.28 | O33: 96.71 | P33: 150.72 | Q33: 72.86 | R33: #N/A
A34: 46003 | B34: 310.52 | C34: 78.59 | D34: 161.27 | E34: 74.99 | F34: 70.52 | G34: 7.79 | H34: 116.7 | I34: 478.53 | J34: 278.28 | K34: 359.93 | L34: 64.15 | M34: 884.47 | N34: 226.19 | O34: 95.54 | P34: 149.99 | Q34: 72.33 | R34: #N/A
A35: 46006 | B35: 309.32 | C35: 72.35 | D35: 161.74 | E35: 75.28 | F35: 70.97 | G35: 7.31 | H35: 116.79 | I35: 474.82 | J35: 274.11 | K35: 339.81 | L35: 62.87 | M35: 860.56 | N35: 222.54 | O35: 94.36 | P35: 149.8 | Q35: 72.23 | R35: #N/A
A36: 46007 | B36: 307.73 | C36: 69.5 | D36: 160.66 | E36: 74.66 | F36: 70.37 | G36: 7.49 | H36: 115.42 | I36: 476.39 | J36: 274.61 | K36: 341.3 | L36: 63.06 | M36: 860.39 | N36: 222.56 | O36: 90.77 | P36: 146.75 | Q36: 70.46 | R36: #N/A
A37: 46008 | B37: 298.06 | C37: 64.55 | D37: 149.83 | E37: 76.1 | F37: 70.67 | G37: 7.43 | H37: 115.66 | I37: 476.12 | J37: 271.84 | K37: 326.02 | L37: 62.45 | M37: 862.65 | N37: 221.27 | O37: 94.96 | P37: 149.52 | Q37: 71.55 | R37: #N/A
A38: 46009 | B38: 303.75 | C38: 67.68 | D38: 154.39 | E38: 76.76 | F38: 70.36 | G38: 7.24 | H38: 114.83 | I38: 483.98 | J38: 272.19 | K38: 329.88 | L38: 62.94 | M38: 857.59 | N38: 226.76 | O38: 92.23 | P38: 147.69 | Q38: 71.31 | R38: #N/A
A39: 46010 | B39: 308.61 | C39: 83 | D39: 159.82 | E39: 77.92 | F39: 70.06 | G39: 7.56 | H39: 114.36 | I39: 485.92 | J39: 273.67 | K39: 340.36 | L39: 64.26 | M39: 855.62 | N39: 227.35 | O39: 91.94 | P39: 147.75 | Q39: 72.02 | R39: #N/A
A40: 46013 | B40: 311.33 | C40: 84.83 | D40: 166.25 | E40: 78.73 | F40: 70.21 | G40: 7.69 | H40: 112.6 | I40: 484.92 | J40: 270.97 | K40: 341.45 | L40: 65.795 | M40: 850 | N40: 228.43 | O40: 93.31 | P40: 149.8 | Q40: 72.58 | R40: #N/A
A41: 46014 | B41: 315.68 | C41: 80.26 | D41: 166.26 | E41: 79.28 | F41: 69.87 | G41: 7.87 | H41: 110.9 | I41: 486.85 | J41: 272.36 | K41: 349.32 | L41: 65.96 | M41: 854.79 | N41: 232.14 | O41: 92.73 | P41: 150.51 | Q41: 73.07 | R41: #N/A
A42: 46015 | B42: 315.67 | C42: 78.87 | D42: 166.87 | E42: 79.58 | F42: 70.11 | G42: 7.86 | H42: 111.61 | I42: 488.02 | J42: 273.81 | K42: 350.22 | L42: 65.98 | M42: 871.86 | N42: 232.38 | O42: 91.8 | P42: 150.5 | Q42: 72.84 | R42: #N/A
... A45: 46021 | B45: 314.55 | C45: 73.9 | D45: 164.34 | E45: 79.28 | F45: 70.07 | G45: 7.92 | H45: 111.92 | I45: 487.48 | J45: 273.08 | K45: 349.85 | L45: 65 | M45: 865.65 | N45: 232.53 | O45: 94.1 | P45: 152.31 | Q45: 73.83 | R45: #N/A
A46: 46022 | B46: 313.8 | C46: 71.61 | D46: 162.01 | E46: 78.67 | F46: 69.91 | G46: #N/A | H46: 111.41 | I46: 483.62 | J46: 271.86 | K46: 346.1 | L46: 64.31 | M46: 862.34 | N46: 230.82 | O46: 93.61 | P46: 152.41 | Q46: 73.48 | R46: #N/A
A47: 46024 | B47: 315.32 | C47: 79.32 | D47: 175.61 | E47: 80.45 | F47: 69.12 | G47: 8.1 | H47: 112.76 | I47: 472.94 | J47: 271.01 | K47: 347.62 | L47: 67.23 | M47: 854.5 | N47: 226.5 | O47: 96.7 | P47: 155.9 | Q47: 75.44 | R47: #N/A
A48: 46027 | B48: 317.32 | C48: 76.86 | D48: 173.95 | E48: 81.28 | F48: 67.94 | G48: 8.09 | H48: 112.71 | I48: 472.85 | J48: 267.26 | K48: 343.42 | L48: 71.57 | M48: 875.74 | N48: 233.06 | O48: 99.2 | P48: 163.85 | Q48: 75.03 | R48: #N/A
A49: 46028 | B49: 314.55 | C49: 77.94 | D49: 174.95 | E49: 82.08 | F49: 67.84 | G49: 7.91 | H49: 114.34 | I49: 478.51 | J49: 262.36 | K49: 343.77 | L49: 72.88 | M49: 889.1 | N49: 240.93 | O49: 97.11 | P49: 156.54 | Q49: 72.9 | R49: #N/A
A50: 46029 | B50: 322.43 | C50: 77.18 | D50: 171.54 | E50: 80.26 | F50: 67.54 | G50: 7.95 | H50: 112.72 | I50: 483.47 | J50: 260.33 | K50: 343.5 | L50: 71.34 | M50: 882.58 | N50: 241.56 | O50: 93.94 | P50: 155.2 | Q50: 71.54 | R50: #N/A
A51: 46030 | B51: 326.01 | C51: 77.09 | D51: 160.78 | E51: 80.49 | F51: 69.37 | G51: 7.69 | H51: 113.07 | I51: 478.11 | J51: 259.04 | K51: 332.48 | L51: 70.16 | M51: 915.31 | N51: 246.29 | O51: 98.72 | P51: 159.25 | Q51: 70.31 | R51: #N/A
A52: 46031 | B52: 329.14 | C52: 80.14 | D52: 163.58 | E52: 80.19 | F52: 70.51 | G52: 7.99 | H52: 114.53 | I52: 479.28 | J52: 259.37 | K52: 344.97 | L52: 70.47 | M52: 924.88 | N52: 247.38 | O52: 97.51 | P52: 162.11 | Q52: 70.83 | R52: #N/A
A53: 46034 | B53: 332.73 | C53: 89.93 | D53: 170.03 | E53: 81.31 | F53: 70.5 | G53: 7.85 | H53: 117.97 | I53: 477.18 | J53: 260.25 | K53: 352.21 | L53: 70.79 | M53: 943.08 | N53: 246.47 | O53: 95.5 | P53: 162.34 | Q53: 71.66 | R53: #N/A
A54: 46035 | B54: 336.43 | C54: 87.48 | D54: 172.72 | E54: 81.52 | F54: 71.24 | G54: 7.74 | H54: 120.36 | I54: 470.67 | J54: 261.05 | K54: 354.61 | L54: 70.59 | M54: 941.93 | N54: 242.6 | O54: 96.46 | P54: 163.87 | Q54: 73.18 | R54: #N/A
A55: 46036 | B55: 336.31 | C55: 89.8 | D55: 170.86 | E55: 81.76 | F55: 71.44 | G55: 7.56 | H55: 120.04 | I55: 459.38 | J55: 259.96 | K55: 339.89 | L55: 71.35 | M55: 950.98 | N55: 236.65 | O55: 100.34 | P55: 167.24 | Q55: 74.35 | R55: #N/A
A56: 46037 | B56: 333.16 | C56: 95.01 | D56: 172.54 | E56: 82.83 | F56: 70.48 | G56: 7.88 | H56: 119.2 | I56: 456.66 | J56: 258.21 | K56: 343.02 | L56: 73.68 | M56: 956.75 | N56: 238.18 | O56: 98.93 | P56: 166.16 | Q56: 73.42 | R56: #N/A
A57: 46038 | B57: 330.34 | C57: 101.23 | D57: 176.93 | E57: 82.53 | F57: 70.44 | G57: 7.92 | H57: 119.7 | I57: 459.86 | J57: 255.53 | K57: 351.71 | L57: 73.36 | M57: 963.61 | N57: 239.12 | O57: 98.19 | P57: 166.26 | Q57: 74.25 | R57: #N/A
A58: 46042 | B58: 322.16 | C58: 95.22 | D58: 175.18 | E58: 82.5 | F58: 71.75 | G58: 7.57 | H58: 118.71 | I58: 454.52 | J58: 246.7 | K58: 332.6 | L58: 71.51 | M58: 964.26 | N58: 231 | O58: 95.52 | P58: 165.3 | Q58: 73.11 | R58: #N/A
... A76: 46066 | B76: 306.02 | C76: 96.04 | D76: 234.53 | E76: 85.15 | F76: 78.68 | G76: 7.64 | H76: 133.89 | I76: 401.32 | J76: 255.78 | K76: 325.17 | L76: 74.75 | M76: 1018.48 | N76: 198.79 | O76: 111.43 | P76: 183.74 | Q76: 78.77 | R76: #N/A
A77: 46070 | B77: 302.82 | C77: 91 | D77: 243.53 | E77: 86.57 | F77: 79.56 | G77: #N/A | H77: 128.85 | I77: 396.86 | J77: 263.88 | K77: 332.54 | L77: 73.29 | M77: 1012.05 | N77: 201.15 | O77: 108.78 | P77: 180.55 | Q77: 77.94 | R77: #N/A
A78: 46071 | B78: 303.94 | C78: 95.45 | D78: 243.21 | E78: 88.1 | F78: 79.49 | G78: 7.9 | H78: 126.62 | I78: 399.6 | J78: 264.35 | K78: 333.51 | L78: 74.9 | M78: 996.08 | N78: 204.79 | O78: 110.52 | P78: 183.87 | Q78: 79.87 | R78: #N/A
A79: 46072 | B79: 303.56 | C79: 97.14 | D79: 243.06 | E79: 86.84 | F79: 78.91 | G79: 7.78 | H79: 124.87 | I79: 398.46 | J79: 260.58 | K79: 333.99 | L79: 73.99 | M79: 987.82 | N79: 204.86 | O79: 111.59 | P79: 184.78 | Q79: 80.38 | R79: #N/A
A80: 46073 | B80: 314.9 | C80: 89.25 | D80: 243.75 | E80: 88.15 | F80: 79.84 | G80: 7.89 | H80: 122.99 | I80: 397.23 | J80: 264.58 | K80: 332.65 | L80: 74.395 | M80: 985.27 | N80: 210.11 | O80: 110.53 | P80: 183.93 | Q80: 79.78 | R80: #N/A
A81: 46076 | B81: 311.69 | C81: 90.84 | D81: 245.42 | E81: 87.4 | F81: 80.56 | G81: 7.92 | H81: 125.81 | I81: 384.47 | J81: 266.18 | K81: 330.34 | L81: 71.54 | M81: 986.02 | N81: 205.27 | O81: 109.88 | P81: 184.91 | Q81: 79.97 | R81: #N/A
A82: 46077 | B82: 310.92 | C82: 99.3 | D82: 253.15 | E82: 87.88 | F82: 80.72 | G82: 8.29 | H82: 126.75 | I82: 389 | J82: 272.14 | K82: 325.49 | L82: 71.92 | M82: 998.43 | N82: 208.56 | O82: 110.59 | P82: 185.34 | Q82: 80.78 | R82: #N/A
A83: 46078 | B83: 313.03 | C83: 98.01 | D83: 262.19 | E83: 94.2 | F83: 80.47 | G83: 8.24 | H83: 125.75 | I83: 400.6 | J83: 274.23 | K83: 332.31 | L83: 73.65 | M83: 994.76 | N83: 210.64 | O83: 110.01 | P83: 184.22 | Q83: 82.28 | R83: #N/A
A84: 46079 | B84: 307.15 | C84: 97.63 | D84: 259.23 | E84: 94.5 | F84: 80.5 | G84: 8.29 | H84: 124.42 | I84: 401.72 | J84: 272.95 | K84: 321.7 | L84: 74.56 | M84: 986.74 | N84: 207.92 | O84: 110.7 | P84: 184.16 | Q84: 81.18 | R84: #N/A
A85: 46080 | B85: 311.43 | C85: 79.56 | D85: 254.89 | E85: 93.16 | F85: 81.56 | G85: 7.54 | H85: 127.95 | I85: 392.74 | J85: 264.18 | K85: 319.55 | L85: 71.19 | M85: 1010.79 | N85: 210 | O85: 113.46 | P85: 186.76 | Q85: 83.51 | R85: #N/A
A86: 46083 | B86: 306.36 | C86: 78.05 | D86: 257.75 | E86: 89.73 | F86: 80.22 | G86: 7.64 | H86: 127.1 | I86: 398.55 | J86: 264.72 | K86: 318.82 | L86: 71.67 | M86: 1002.77 | N86: 208.39 | O86: 118.24 | P86: 189.6 | Q86: 84.22 | R86: #N/A
A87: 46084 | B87: 303.56 | C87: 73.78 | D87: 244.44 | E87: 85.49 | F87: 79.34 | G87: 7.5 | H87: 127.91 | I87: 403.93 | J87: 263.75 | K87: 313.84 | L87: 69.4 | M87: 1007.77 | N87: 208.73 | O87: 118.52 | P87: 188.77 | Q87: 82.33 | R87: #N/A
A88: 46085 | B88: 303.45 | C88: 79.5 | D88: 251.28 | E88: 87.19 | F88: 78.1 | G88: 7.99 | H88: 127.81 | I88: 405.2 | J88: 262.52 | K88: 317.53 | L88: 69.15 | M88: 1006.74 | N88: 216.82 | O88: 115.65 | P88: 186.03 | Q88: 82.7 | R88: #N/A
A89: 46086 | B89: 300.91 | C89: 74.82 | D89: 249.75 | E89: 85.75 | F89: 77.03 | G89: 7.68 | H89: 123.31 | I89: 410.68 | J89: 260.29 | K89: 332.77 | L89: 68.05 | M89: 982.57 | N89: 218.94 | O89: 116.82 | P89: 189.9 | Q89: 82.94 | R89: #N/A
... A101: 46104 | B101: 299.02 | C101: 81.96 | D101: 256 | E101: 79.83 | F101: 75.11 | G101: 7.33 | H101: 120.72 | I101: 383 | J101: 251.49 | K101: 322.51 | L101: 67.84 | M101: 965.73 | N101: 210.14 | O101: 127.19 | P101: 205.21 | Q101: 90.71 | R101: #N/A
A102: 46105 | B102: 289.2 | C102: 83.02 | D102: 270.89 | E102: 79.27 | F102: 74.67 | G102: #N/A | H102: 122.05 | I102: 372.74 | J102: 251.64 | K102: 318.29 | L102: 66.12 | M102: 973.82 | N102: 207.24 | O102: 129.35 | P102: 206.79 | Q102: 91.12 | R102: #N/A
A103: 46106 | B103: 289.59 | C103: 87.58 | D103: 276.16 | E103: 81.22 | F103: 75.25 | G103: 7.45 | H103: 123.06 | I103: 371.04 | J103: 252.62 | K103: 318.81 | L103: 68.68 | M103: 974.86 | N103: 211.71 | O103: 128.93 | P103: 205.15 | Q103: 91.88 | R103: #N/A
A104: 46107 | B104: 280.74 | C104: 80.45 | D104: 252.4 | E104: 79.63 | F104: 74.69 | G104: 7.23 | H104: 122.18 | I104: 365.97 | J104: 252.89 | K104: 309.415 | L104: 66.2 | M104: 979.65 | N104: 207.54 | O104: 133.25 | P104: 207.79 | Q104: 92.16 | R104: #N/A
A105: 46108 | B105: 273.76 | C105: 74.81 | D105: 251.07 | E105: 79.19 | F105: 75.71 | G105: 7 | H105: 122.89 | I105: 356.77 | J105: 248.8 | K105: 300.68 | L105: 64.2 | M105: 983.86 | N105: 199.34 | O105: 133.8 | P105: 211.15 | Q105: 92.17 | R105: #N/A
A106: 46111 | B106: 273.14 | C106: 69.15 | D106: 234.22 | E106: 79.35 | F106: 76.27 | G106: 6.9 | H106: 123.5 | I106: 358.96 | J106: 246.63 | K106: 293.41 | L106: 63.69 | M106: 996.58 | N106: 200.95 | O106: 132.89 | P106: 210.71 | Q106: 92.74 | R106: #N/A
A107: 46112 | B107: 286.86 | C107: 77.47 | D107: 250.58 | E107: 82.49 | F107: 76.05 | G107: 7.36 | H107: 124.28 | I107: 370.17 | J107: 253.79 | K107: 309.51 | L107: 67.07 | M107: 996.43 | N107: 208.27 | O107: 132 | P107: 206.9 | Q107: 93 | R107: #N/A
A108: 46113 | B108: 294.9 | C108: 78.44 | D108: 259.37 | E108: 85.46 | F108: 76.08 | G108: 7.38 | H108: 124.74 | I108: 369.37 | J108: 255.63 | K108: 313.49 | L108: 67.91 | M108: 996.56 | N108: 210.57 | O108: 128.38 | P108: 197.41 | Q108: 92.03 | R108: #N/A
A109: 46114 | B109: 294.46 | C109: 82.24 | D109: 261.29 | E109: 84.41 | F109: 76.72 | G109: #N/A | H109: 125.79 | I109: 373.46 | J109: 255.92 | K109: 314.55 | L109: 67.74 | M109: 1014.96 | N109: 209.77 | O109: 130.52 | P109: 198.97 | Q109: 93.1 | R109: #N/A
A110: 46118 | B110: 297.66 | C110: 80.94 | D110: 258.73 | E110: 84.64 | F110: 77.22 | G110: 7.6 | H110: 126.79 | I110: 372.88 | J110: 258.86 | K110: 314.43 | L110: 68.62 | M110: 1018.55 | N110: 212.79 | O110: 131.64 | P110: 198.86 | Q110: 93.64 | R110: #N/A
A111: 46119 | B111: 303.93 | C111: 85.24 | D111: 262.3 | E111: 85.15 | F111: 75.91 | G111: 7.39 | H111: 122.49 | I111: 372.29 | J111: 253.5 | K111: 333.97 | L111: 68.11 | M111: 1013.21 | N111: 213.77 | O111: 131.77 | P111: 201.54 | Q111: 94.15 | R111: #N/A
A112: 46120 | B112: 314.74 | C112: 88.9 | D112: 281.03 | E112: 90.27 | F112: 77.29 | G112: 7.84 | H112: 127.26 | I112: 374.33 | J112: 258.9 | K112: 350.63 | L112: 72.31 | M112: 1030.27 | N112: 221.25 | O112: 125.22 | P112: 192.89 | Q112: 92.01 | R112: #N/A
A113: 46121 | B113: 316.37 | C113: 92 | D113: 287.64 | E113: 90.27 | F113: 78.18 | G113: 7.71 | H113: 129.13 | I113: 373.07 | J113: 260.49 | K113: 354.91 | L113: 71.93 | M113: 1032.03 | N113: 233.65 | O113: 123.47 | P113: 190.36 | Q113: 91.09 | R113: #N/A
A114: 46122 | B114: 315.72 | C114: 102 | D114: 295.11 | E114: 90.26 | F114: 77.47 | G114: 7.9 | H114: 126.77 | I114: 370.87 | J114: 260.48 | K114: 371.55 | L114: 71.21 | M114: 998.47 | N114: 238.38 | O114: 122.55 | P114: 188.55 | Q114: 92.21 | R114: #N/A
A115: 46125 | B115: 319.21 | C115: 110.27 | D115: 299.96 | E115: 90.98 | F115: 76.41 | G115: 8.05 | H115: 124.57 | I115: 384.37 | J115: 259.2 | K115: 379.75 | L115: 74.55 | M115: 980.85 | N115: 239.89 | O115: 123.62 | P115: 191.78 | Q115: 92.6 | R115: #N/A
A116: 46126 | B116: 330.58 | C116: 117.2 | D116: 310.51 | E116: 91.37 | F116: 75.9 | G116: 8.1 | H116: 125.05 | I116: 393.11 | J116: 258.83 | K116: 380.78 | L116: 77.1 | M116: 974.8 | N116: 249.02 | O116: 118.79 | P116: 187.02 | Q116: 91.36 | R116: #N/A
A117: 46127 | B117: 334.47 | C117: 118.69 | D117: 301.16 | E117: 90.93 | F117: 75.31 | G117: 8.29 | H117: 124.76 | I117: 411.22 | J117: 266.43 | K117: 396.72 | L117: 79.69 | M117: 984.75 | N117: 248.5 | O117: 118.92 | P117: 184.91 | Q117: 89.84 | R117: #N/A
A118: 46128 | B118: 332.77 | C118: 119.56 | D118: 294.13 | E118: 90.52 | F118: 75.18 | G118: 8.32 | H118: 124.82 | I118: 420.26 | J118: 263.4 | K118: 398.47 | L118: 79.375 | M118: 987.21 | N118: 249.7 | O118: 121.57 | P118: 188.15 | Q118: 91.5 | R118: #N/A
A119: 46129 | B119: 339.4 | C119: 116.85 | D119: 307.34 | E119: 92.16 | F119: 75.74 | G119: 8.48 | H119: 127.5 | I119: 422.79 | J119: 270.23 | K119: 406.54 | L119: 81.71 | M119: 999.89 | N119: 250.56 | O119: 116.04 | P119: 183.99 | Q119: 87.81 | R119: #N/A
A120: 46132 | B120: 335.4 | C120: 117.43 | D120: 314.41 | E120: 91.59 | F120: 75.48 | G120: 8.41 | H120: 127.92 | I120: 418.07 | J120: 273.05 | K120: 399.63 | L120: 81.25 | M120: 997.84 | N120: 248.28 | O120: 116.45 | P120: 183.25 | Q120: 88 | R120: #N/A
A121: 46133 | B121: 330.47 | C121: 115.16 | D121: 312.44 | E121: 90.64 | F121: 74.7 | G121: 8.37 | H121: 129.6 | I121: 424.16 | J121: 266.17 | K121: 402.17 | L121: 79.62 | M121: 1005.81 | N121: 249.91 | O121: 120.26 | P121: 185.98 | Q121: 88.66 | R121: #N/A
... A128: 46142 | B128: 381.94 | C128: 111.6 | D128: 328.49 | E128: 91.86 | F128: 78.76 | G128: 8.4 | H128: 131.93 | I128: 407.78 | J128: 271.35 | K128: 417.43 | L128: 79.5 | M128: 1014.53 | N128: 265.06 | O128: 125.78 | P128: 193.31 | Q128: 90.67 | R128: #N/A
A129: 46143 | B129: 383.22 | C129: 119.01 | D129: 328.31 | E129: 91.95 | F129: 78.58 | G129: #N/A | H129: 131.6 | I129: 414.44 | J129: 280.14 | K129: 421.28 | L129: 80.46 | M129: 1011.7 | N129: 268.26 | O129: 123.19 | P129: 190.63 | Q129: 88.98 | R129: #N/A
A130: 46146 | B130: 379.64 | C130: 125.43 | D130: 330.97 | E130: 90.13 | F130: 78.19 | G130: 8.39 | H130: 130.33 | I130: 413.62 | J130: 276.83 | K130: 416.5 | L130: 81.72 | M130: 1012.79 | N130: 272.05 | O130: 124.91 | P130: 192.28 | Q130: 89.26 | R130: #N/A
A131: 46147 | B131: 384.27 | C131: 127.89 | D131: 341.02 | E131: 87.4 | F131: 78.48 | G131: 8.28 | H131: 130.79 | I131: 411.38 | J131: 284.18 | K131: 427.36 | L131: 83.91 | M131: 1016.42 | N131: 273.55 | O131: 123.32 | P131: 192.64 | Q131: 89.71 | R131: #N/A
A132: 46148 | B132: 395.14 | C132: 137.98 | D132: 358.92 | E132: 91.4 | F132: 79.23 | G132: 8.61 | H132: 130.08 | I132: 413.96 | J132: 287.51 | K132: 425.44 | L132: 87.04 | M132: 995.75 | N132: 274.99 | O132: 118.9 | P132: 185.16 | Q132: 87.2 | R132: #N/A
A133: 46149 | B133: 395.3 | C133: 128.84 | D133: 340.01 | E133: 88.97 | F133: 78.43 | G133: 8.84 | H133: 130.2 | I133: 420.77 | J133: 287.44 | K133: 412.56 | L133: 83.71 | M133: 1012.06 | N133: 271.17 | O133: 114.88 | P133: 182.5 | Q133: 84.24 | R133: #N/A
A134: 46150 | B134: 397.05 | C134: 114.15 | D134: 339.97 | E134: 90.16 | F134: 78.42 | G134: 9.11 | H134: 130.43 | I134: 415.12 | J134: 293.32 | K134: 430 | L134: 84.42 | M134: 1008.79 | N134: 272.68 | O134: 113.87 | P134: 181.62 | Q134: 83.97 | R134: #N/A
A135: 46153 | B135: 386.77 | C135: 114.7 | D135: 367.92 | E135: 90.55 | F135: 78.66 | G135: 9.21 | H135: 127.59 | I135: 412.66 | J135: 292.68 | K135: 428.43 | L135: 84.91 | M135: 999.47 | N135: 268.99 | O135: 115.55 | P135: 184.74 | Q135: 85.36 | R135: #N/A
A136: 46154 | B136: 383.82 | C136: 107.75 | D136: 367.13 | E136: 89.97 | F136: 80.03 | G136: 9.1 | H136: 130.35 | I136: 407.77 | J136: 294.8 | K136: 419.3 | L136: 84.59 | M136: 1021.88 | N136: 265.82 | O136: 117.87 | P136: 185.95 | Q136: 85.35 | R136: #N/A
A137: 46155 | B137: 399.04 | C137: 111.31 | D137: 369.99 | E137: 90.63 | F137: 80.26 | G137: 9.41 | H137: 131.47 | I137: 405.21 | J137: 298.87 | K137: 416.79 | L137: 85.12 | M137: 1033.08 | N137: 270.13 | O137: 117.4 | P137: 186 | Q137: 84.93 | R137: #N/A
A138: 46156 | B138: 397.17 | C138: 114.215 | D138: 376.23 | E138: 90.72 | F138: 80.45 | G138: 9.78 | H138: 132.46 | I138: 409.43 | J138: 298.21 | K138: 439.79 | L138: 88.28 | M138: 1041.25 | N138: 267.22 | O138: 118.97 | P138: 186.64 | Q138: 84.51 | R138: #N/A
A139: 46157 | B139: 393.32 | C139: 107.3 | D139: 370.94 | E139: 88.38 | F139: 80.82 | G139: 9.59 | H139: 131.45 | I139: 421.92 | J139: 300.23 | K139: 425.19 | L139: 87 | M139: 1048.95 | N139: 264.14 | O139: 122.41 | P139: 191.1 | Q139: 85.36 | R139: #N/A
A140: 46160 | B140: 393.11 | C140: 103.77 | D140: 339.73 | E140: 90.13 | F140: 81.2 | G140: 9.27 | H140: 133.34 | I140: 423.54 | J140: 297.84 | K140: 420.71 | L140: 86.12 | M140: 1076.47 | N140: 264.86 | O140: 124.54 | P140: 196.12 | Q140: 88.59 | R140: #N/A
A141: 46161 | B141: 384.9 | C141: 99.81 | D141: 322.63 | E141: 88.47 | F141: 81.92 | G141: 9.26 | H141: 134.2 | I141: 417.42 | J141: 298.97 | K141: 411.07 | L141: 83.45 | M141: 1094.32 | N141: 259.34 | O141: 125.11 | P141: 197.25 | Q141: 88.46 | R141: #N/A
...

Sheet Returns
A1: DATE | B1: Portfolio Return | C1: Cumulative NAV (Portfolio) | D1: Peak | E1: Drawdown | F1: Benchmark Return (SPY) | G1: Cumulative NAV (SPY) | H1: Benchmark Return (QQQ) | I1: Cumulative NAV (QQQ) | J1: {=_xlfn.ANCHORARRAY(Prices!B1)} -> GOOG | K1: CRWV | L1: VRT | M1: HSBC | N1: KO | O1: NVDA | P1: WMT | Q1: MSFT | R1: AAPL | S1: AVGO | T1: IBKR | U1: COST | V1: AMZN | W1: COP | X1: CVX | Y1: SHEL | Z1: SPCX
A2: {=_xlfn.DROP(_xlfn.ANCHORARRAY(Prices!A2), 1)} -> 45959 | B2: {=MMULT(_xlfn.TAKE(J2:AF499, ROWS(_xlfn.ANCHORARRAY(A2)), COLUMNS(_xlfn.ANCHORARRAY(J1))), Holdings[Weight]) / SUM(Holdings[Weight])} -> 0.010399482 | C2: 1 | D2: =C2 -> 1 | E2: =(C2-D2)/D2 -> 0 | F2: {=_xlfn.LET( _xlpm.bench_code, "SPY", _xlpm.master_dates,_xlfn.ANCHORARRAY( Prices!A2), _xlpm.bench_hist, _xlfn.STOCKHISTORY(_xlpm.bench_code, TODAY()-365, TODAY(), 0, 0, 0, 1), _xlpm.bench_dates, INDEX(_xlpm.bench_hist, , 1), _xlpm.bench_prices, INDEX(_xlpm.bench_hist, , 2), _xlpm.aligned_prices, _xlfn.IFNA(_xlfn.XLOOKUP(_xlpm.master_dates, _xlpm.bench_dates, _xlpm.bench_prices), NA()), _xlpm.p_curr, _xlfn.DROP(_xlpm.aligned_prices, 1), _xlpm.p_prev, _xlfn.DROP(_xlpm.aligned_prices, -1), _xlpm.returns, (_xlpm.p_curr / _xlpm.p_prev) - 1, IFERROR(_xlpm.returns, NA()) )} -> 0.0004803074 | G2: =1 -> 1 | H2: {=_xlfn.LET( _xlpm.bench_code, "QQQ", _xlpm.master_dates,_xlfn.ANCHORARRAY( Prices!A2), _xlpm.bench_hist, _xlfn.STOCKHISTORY(_xlpm.bench_code, TODAY()-365, TODAY(), 0, 0, 0, 1), _xlpm.bench_dates, INDEX(_xlpm.bench_hist, , 1), _xlpm.bench_prices, INDEX(_xlpm.bench_hist, , 2), _xlpm.aligned_prices, _xlfn.IFNA(_xlfn.XLOOKUP(_xlpm.master_dates, _xlpm.bench_dates, _xlpm.bench_prices), NA()), _xlpm.p_curr, _xlfn.DROP(_xlpm.aligned_prices, 1), _xlpm.p_prev, _xlfn.DROP(_xlpm.aligned_prices, -1), _xlpm.returns, (_xlpm.p_curr / _xlpm.p_prev) - 1, IFERROR(_xlpm.returns, NA()) )} -> 0.0045029388 | I2: 1 | J2: {=IF(J$1="", "", _xlfn.LET(_xlpm.prices,_xlfn.ANCHORARRAY( Prices!B2),_xlpm.p_curr, _xlfn.DROP(_xlpm.prices, 1),_xlpm.p_prev, _xlfn.DROP(_xlpm.prices, -1),_xlpm.ret, (_xlpm.p_curr / _xlpm.p_prev) - 1,IFERROR(_xlpm.ret, 0)))} -> 0.025108967 | K2: {=IF(K$1="", "", _xlfn.LET(_xlpm.prices,_xlfn.ANCHORARRAY( Prices!C2),_xlpm.p_curr, _xlfn.DROP(_xlpm.prices, 1),_xlpm.p_prev, _xlfn.DROP(_xlpm.prices, -1),_xlpm.ret, (_xlpm.p_curr / _xlpm.p_prev) - 1,IFERROR(_xlpm.ret, 0)))} -> 0.03805638 | L2: {=IF(L$1="", "", _xlfn.LET(_xlpm.prices,_xlfn.ANCHORARRAY( Prices!D2),_xlpm.p_curr, _xlfn.DROP(_xlpm.prices, 1),_xlpm.p_prev, _xlfn.DROP(_xlpm.prices, -1),_xlpm.ret, (_xlpm.p_curr / _xlpm.p_prev) - 1,IFERROR(_xlpm.ret, 0)))} -> 0.045652516 | M2: {=IF(M$1="", "", _xlfn.LET(_xlpm.prices,_xlfn.ANCHORARRAY( Prices!E2),_xlpm.p_curr, _xlfn.DROP(_xlpm.prices, 1),_xlpm.p_prev, _xlfn.DROP(_xlpm.prices, -1),_xlpm.ret, (_xlpm.p_curr / _xlpm.p_prev) - 1,IFERROR(_xlpm.ret, 0)))} -> 0.0064249001 | N2: {=IF(N$1="", "", _xlfn.LET(_xlpm.prices,_xlfn.ANCHORARRAY( Prices!F2),_xlpm.p_curr, _xlfn.DROP(_xlpm.prices, 1),_xlpm.p_prev, _xlfn.DROP(_xlpm.prices, -1),_xlpm.ret, (_xlpm.p_curr / _xlpm.p_prev) - 1,IFERROR(_xlpm.ret, 0)))} -> -0.025798176 | O2: {=IF(O$1="", "", _xlfn.LET(_xlpm.prices,_xlfn.ANCHORARRAY( Prices!G2),_xlpm.p_curr, _xlfn.DROP(_xlpm.prices, 1),_xlpm.p_prev, _xlfn.DROP(_xlpm.prices, -1),_xlpm.ret, (_xlpm.p_curr / _xlpm.p_prev) - 1,IFERROR(_xlpm.ret, 0)))} -> 0.04368932 | P2: {=IF(P$1="", "", _xlfn.LET(_xlpm.prices,_xlfn.ANCHORARRAY( Prices!H2),_xlpm.p_curr, _xlfn.DROP(_xlpm.prices, 1),_xlpm.p_prev, _xlfn.DROP(_xlpm.prices, -1),_xlpm.ret, (_xlpm.p_curr / _xlpm.p_prev) - 1,IFERROR(_xlpm.ret, 0)))} -> -0.0068818455 | Q2: {=IF(Q$1="", "", _xlfn.LET(_xlpm.prices,_xlfn.ANCHORARRAY( Prices!I2),_xlpm.p_curr, _xlfn.DROP(_xlpm.prices, 1),_xlpm.p_prev, _xlfn.DROP(_xlpm.prices, -1),_xlpm.ret, (_xlpm.p_curr / _xlpm.p_prev) - 1,IFERROR(_xlpm.ret, 0)))} -> -0.0009592857 | ... GT2: {=IF(GT$1="", "", _xlfn.LET(_xlpm.prices,_xlfn.ANCHORARRAY( Prices!GL2),_xlpm.p_curr, _xlfn.DROP(_xlpm.prices, 1),_xlpm.p_prev, _xlfn.DROP(_xlpm.prices, -1),_xlpm.ret, (_xlpm.p_curr / _xlpm.p_prev) - 1,IFERROR(_xlpm.ret, 0)))}
A3: 45960 | B3: -0.010430775 | C3: =C2 * (1 + B3) -> 0.98956923 | D3: =MAX(D2,C3) -> 1 | E3: =(C3-D3)/D3 -> -0.010430775 | F3: -0.010998123 | G3: =G2*(1+F3) -> 0.98900188 | H3: -0.015288548 | I3: =I2*(1+H3) -> 0.98471145 | J3: 0.024457608 | K3: -0.063388837 | L3: -0.027650926 | M3: -0.0017023691 | N3: 0.0092172641 | O3: -0.045348837 | P3: -0.0022447785 | Q3: -0.029157049 | R3: 0.0063033 | S3: -0.024638582 | T3: -0.0098280098 | U3: 0.0085048552 | V3: -0.032305688 | W3: 0.00068119891 | X3: -0.010186976 | Y3: -0.010853739 | Z3: 0
A4: 45961 | B4: 0.0071046877 | C4: =C3 * (1 + B4) -> 0.99659981 | D4: =MAX(D3,C4) -> 1 | E4: =(C4-D4)/D4 -> -0.0034001946 | F4: 0.0032802318 | G4: =G3*(1+F4) -> 0.99224603 | H4: 0.0048238959 | I4: =I3*(1+H4) -> 0.9894616 | J4: -0.00028378858 | K4: 0.020219747 | L4: -0.0046449216 | M4: -0.0042631803 | N4: -0.0011597565 | O4: 0.047503045 | P4: -0.010270958 | Q4: -0.015120968 | R4: -0.0037951363 | S4: -0.018168778 | T4: 0.027003357 | U4: -0.0094872742 | V4: 0.095844925 | W4: 0.0081688223 | X4: 0.027357999 | Y4: 0.0025424863 | Z4: 0
A5: 45964 | B5: 0.0025970155 | C5: =C4 * (1 + B5) -> 0.99918799 | D5: =MAX(D4,C5) -> 1 | E5: =(C5-D5)/D5 -> -0.0008120094 | F5: 0.0018766677 | G5: =G4*(1+F5) -> 0.99410815 | H5: 0.0047848411 | I5: =I4*(1+H5) -> 0.99419601 | J5: 0.0081612377 | K5: -0.055268865 | L5: -0.0075702582 | M5: 0.0055658627 | N5: -0.013497823 | O5: 0.036046512 | P5: 0.0040521842 | Q5: -0.001506344 | R5: -0.0048821985 | S5: -0.019154289 | T5: 0.038658329 | U5: 0.018201766 | V5: 0.04004586 | W5: -0.0032635607 | X5: -0.023332488 | Y5: -0.0070742125 | Z5: 0
A6: 45965 | B6: -0.013310715 | C6: =C5 * (1 + B6) -> 0.98588808 | D6: =MAX(D5,C6) -> 1 | E6: =(C6-D6)/D6 -> -0.014111916 | F6: -0.011853543 | G6: =G5*(1+F6) -> 0.98232444 | H6: -0.020298064 | I6: =I5*(1+H6) -> 0.97401576 | J6: -0.021329016 | K6: -0.083676377 | L6: -0.055276907 | M6: -0.0086573943 | N6: 0.010151537 | O6: -0.043771044 | P6: 0.0066935722 | Q6: -0.0052221341 | R6: 0.0036796135 | S6: -0.029264929 | T6: -0.032703886 | U6: 0.013684755 | V6: -0.018425197 | W6: -0.0074517331 | X6: -0.0042196832 | Y6: -0.0087377336 | Z6: 0
A7: 45966 | B7: 0.0054908091 | C7: =C6 * (1 + B7) -> 0.99130141 | D7: =MAX(D6,C7) -> 1 | E7: =(C7-D7)/D7 -> -0.0086985931 | F7: 0.0034654345 | G7: =G6*(1+F7) -> 0.98572863 | H7: 0.0065078724 | I7: =I6*(1+H7) -> 0.98035453 | J7: 0.024059555 | K7: -0.011490281 | L7: 0.054695277 | M7: 0.01531854 | N7: -0.0021846781 | O7: 0.0011737089 | P7: -0.0078224308 | Q7: -0.013940466 | R7: 0.00037031551 | S7: 0.02000341 | T7: 0.013156033 | U7: -0.0060696898 | V7: 0.0035296005 | W7: -0.0023888067 | X7: -0.0047591108 | Y7: 0.01179821 | Z7: 0
A8: 45967 | B8: -0.012767375 | C8: =C7 * (1 + B8) -> 0.97864509 | D8: =MAX(D7,C8) -> 1 | E8: =(C8-D8)/D8 -> -0.02135491 | F8: -0.01072936 | G8: =G7*(1+F8) -> 0.97515239 | H8: -0.018627262 | I8: =I7*(1+H8) -> 0.96209321 | J8: 0.002071993 | K8: -0.065460584 | L8: -0.040323004 | M8: 0.01536943 | N8: 0.0080280251 | O8: -0.062133646 | P8: 0.0020695772 | Q8: -0.019835949 | R8: -0.0013696602 | S8: -0.009443423 | T8: -0.024574141 | U8: -0.012245596 | V8: -0.028617106 | W8: -0.023261117 | X8: 0.0018341412 | Y8: -0.0052271813 | Z8: 0
A9: 45968 | B9: -0.0034874441 | C9: =C8 * (1 + B9) -> 0.97523212 | D9: =MAX(D8,C9) -> 1 | E9: =(C9-D9)/D9 -> -0.02476788 | F9: 0.00098461906 | G9: =G8*(1+F9) -> 0.97611254 | H9: -0.0031552962 | I9: =I8*(1+H9) -> 0.95905752 | J9: -0.019765893 | K9: -0.027307584 | L9: -0.017593706 | M9: -0.010276351 | N9: 0.021575442 | O9: -0.025 | P9: 0.0089496459 | Q9: -0.00056326695 | R9: -0.0048189198 | S9: -0.017323322 | T9: 0.0097337532 | U9: -0.00090950432 | V9: 0.0056369322 | W9: 0.01365865 | X9: 0.013600105 | Y9: 0.018458636 | Z9: 0
A10: 45971 | B10: 0.016866394 | C10: =C9 * (1 + B10) -> 0.99168077 | D10: =MAX(D9,C10) -> 1 | E10: =(C10-D10)/D10 -> -0.0083192306 | F10: 0.015604274 | G10: =G9*(1+F10) -> 0.99134407 | H10: 0.022124184 | I10: =I9*(1+H10) -> 0.98027589 | J10: 0.038934573 | K10: 0.015383136 | L10: 0.044716352 | M10: 0.010803985 | N10: -0.00042523033 | O10: 0.057692308 | P10: -0.0016570816 | Q10: 0.018477517 | R10: 0.0035758185 | S10: 0.025641759 | T10: 0.0083640488 | U10: -0.0077811735 | V10: 0.016325028 | W10: 0.01612346 | X10: 0.0040639917 | Y10: 0.012832385 | Z10: 0
A11: 45972 | B11: 0.00026905942 | C11: =C10 * (1 + B11) -> 0.99194759 | D11: =MAX(D10,C11) -> 1 | E11: =(C11-D11)/D11 -> -0.0080524095 | F11: 0.0022892698 | G11: =G10*(1+F11) -> 0.99361352 | H11: -0.0026635432 | I11: =I10*(1+H11) -> 0.97766488 | J11: 0.0039574658 | K11: -0.16305274 | L11: -0.046795145 | M11: 0.0068017768 | N11: 0.015456608 | O11: -0.0060606061 | P11: 0.0099589924 | Q11: 0.0052964427 | R11: 0.021601158 | S11: -0.017941349 | T11: -0.0036552791 | U11: -0.0018567871 | V11: 0.0028180354 | W11: 0.027881673 | X11: 0.0037905557 | Y11: 0.0058777429 | Z11: 0
A12: 45973 | B12: -0.0040252753 | C12: =C11 * (1 + B12) -> 0.98795473 | D12: =MAX(D11,C12) -> 1 | E12: =(C12-D12)/D12 -> -0.012045272 | F12: 0.00055636896 | G12: =G11*(1+F12) -> 0.99416634 | H12: -0.00078832633 | I12: =I11*(1+H12) -> 0.97689416 | J12: -0.014773428 | K12: -0.033487951 | L12: -0.031722982 | M12: 0.013235902 | N12: -0.001396453 | O12: 0.0048780488 | P12: 0 | Q12: 0.0048360462 | R12: -0.0064668483 | S12: 0.0092624162 | T12: 0.025821927 | U12: 0.00015319633 | V12: -0.019670815 | W12: -0.01786305 | X12: -0.018689196 | Y12: -0.0077911959 | Z12: 0
A13: 45974 | B13: -0.015646205 | C13: =C12 * (1 + B13) -> 0.97249699 | D13: =MAX(D12,C13) -> 1 | E13: =(C13-D13)/D13 -> -0.027503014 | F13: -0.016593989 | G13: =G12*(1+F13) -> 0.97766915 | H13: -0.020416049 | I13: =I12*(1+H13) -> 0.95694984 | J13: -0.028911387 | K13: -0.082991923 | L13: -0.056122743 | M13: -0.0044904069 | N13: -0.0061529856 | O13: -0.0084951456 | P13: -0.0087006961 | Q13: -0.015357828 | R13: -0.0019014883 | S13: -0.04290299 | T13: -0.077854195 | U13: 0.012122538 | V13: -0.027108927 | W13: 0.0039294937 | X13: 0.014740412 | Y13: -0.0064127732 | Z13: 0
A14: 45975 | B14: 0.0014816958 | C14: =C13 * (1 + B14) -> 0.97393793 | D14: =MAX(D13,C14) -> 1 | E14: =(C14-D14)/D14 -> -0.026062069 | F14: -0.00016368073 | G14: =G13*(1+F14) -> 0.97750913 | H14: 0.00075608153 | I14: =I13*(1+H14) -> 0.95767337 | J14: -0.0076669533 | K14: -0.012509574 | L14: 0.044793449 | M14: -0.0082012028 | N14: 0.0012663571 | O14: -0.023255814 | P14: -0.00058513751 | Q14: 0.01368992 | R14: -0.0019783843 | S14: 0.0072945467 | T14: -0.015065632 | U14: -0.0022700739 | V14: -0.012164324 | W14: 0.021807202 | X14: 0.013112225 | Y14: -0.0021074816 | Z14: 0
... A251: 46322 | B251: 0.00054886722 | C251: =C250 * (1 + B251) -> 1.2040812 | D251: =MAX(D250,C251) -> 1.2369081 | E251: =(C251-D251)/D251 -> -0.026539444 | F251: 0.0056051322 | G251: =G250*(1+F251) -> 1.1196846 | H251: 0.012707105 | I251: =I250*(1+H251) -> 1.1344511 | J251: 0.008402559 | K251: 0.079362203 | L251: 0.043948343 | M251: -0.057011293 | N251: -0.01639698 | O251: 0.013259669 | P251: -0.0080638457 | Q251: -0.0023845287 | R251: 0.0092756826 | S251: 0.039979342 | T251: 0.020598089 | U251: -0.01296311 | V251: 0.016098599 | W251: -0.022527581 | X251: -0.016292401 | Y251: -0.0199233 | Z251: 0.011436351
